id,pos_x,pos_y,pos_z,activation_time,connection_interval,total_energy_consumption,lora_energy_consumption,ble_energy_consumption
76,34.9943,136.968,1,280.000000,600.000000,0.100897,0.100897,0.000000
75,35.000258,136.968301,1.000000,280.000000,600.000000,0.100897,0.100897,0.000000
74,34.997258,136.968301,1.000000,280.000000,600.000000,0.100897,0.100897,0.000000
73,34.992660,136.966875,1.000000,270.000000,600.000000,0.100847,0.100847,0.000000
72,34.998660,136.966875,1.000000,270.000000,600.000000,0.100847,0.100847,0.000000
71,34.995660,136.966875,1.000000,270.000000,600.000000,0.102541,0.102541,0.000000
70,34.987529,136.968657,1.000000,260.000000,600.000000,0.100798,0.100798,0.000000
69,34.990529,136.968657,1.000000,260.000000,600.000000,0.100798,0.100798,0.000000
68,34.990319,136.970236,1.000000,250.000000,600.000000,0.100748,0.100748,0.000000
67,34.996319,136.970236,1.000000,250.000000,600.000000,0.102442,0.102442,0.000000
66,34.993319,136.970236,1.000000,250.000000,600.000000,0.100748,0.100748,0.000000
65,34.989996,136.966654,1.000000,240.000000,600.000000,0.100699,0.100699,0.000000
64,34.995996,136.966654,1.000000,240.000000,600.000000,0.104085,0.104085,0.000000
63,34.992996,136.966654,1.000000,240.000000,600.000000,0.100699,0.100699,0.000000
62,34.988231,136.966164,1.000000,230.000000,600.000000,0.100649,0.100649,0.000000
61,34.994231,136.966164,1.000000,230.000000,600.000000,0.100649,0.100649,0.000000
60,34.991231,136.966164,1.000000,230.000000,600.000000,0.102343,0.102343,0.000000
59,34.988676,136.967828,1.000000,220.000000,600.000000,0.100600,0.100600,0.000000
58,34.994676,136.967828,1.000000,220.000000,600.000000,0.100600,0.100600,0.000000
57,34.991676,136.967828,1.000000,220.000000,600.000000,0.102293,0.102293,0.000000
56,34.990194,136.965682,1.000000,210.000000,600.000000,0.102244,0.102244,0.000000
55,34.996194,136.965682,1.000000,210.000000,600.000000,0.100550,0.100550,0.000000
54,34.993194,136.965682,1.000000,210.000000,600.000000,0.100550,0.100550,0.000000
53,34.991315,136.965640,1.000000,200.000000,600.000000,0.100501,0.100501,0.000000
52,34.994315,136.965640,1.000000,200.000000,600.000000,0.102194,0.102194,0.000000
51,34.991942,136.966953,1.000000,190.000000,600.000000,0.100451,0.100451,0.000000
50,34.994942,136.966953,1.000000,190.000000,600.000000,0.100451,0.100451,0.000000
49,34.991912,136.967521,1.000000,180.000000,600.000000,0.100402,0.100402,0.000000
48,34.997912,136.967521,1.000000,180.000000,600.000000,0.100402,0.100402,0.000000
47,34.994912,136.967521,1.000000,180.000000,600.000000,0.100402,0.100402,0.000000
46,34.994634,136.967603,1.000000,170.000000,600.000000,0.102046,0.102046,0.000000
45,35.000634,136.967603,1.000000,170.000000,600.000000,0.100352,0.100352,0.000000
44,34.997634,136.967603,1.000000,170.000000,600.000000,0.100353,0.100353,0.000000
43,34.991744,136.971769,1.000000,160.000000,600.000000,0.100303,0.100303,0.000000
42,34.997744,136.971769,1.000000,160.000000,600.000000,0.100303,0.100303,0.000000
41,34.994744,136.971769,1.000000,160.000000,600.000000,0.101996,0.101996,0.000000
40,34.990315,136.967541,1.000000,150.000000,600.000000,0.100253,0.100253,0.000000
39,34.996315,136.967541,1.000000,150.000000,600.000000,0.100253,0.100253,0.000000
38,34.993315,136.967541,1.000000,150.000000,600.000000,0.100254,0.100254,0.000000
37,34.990933,136.967872,1.000000,140.000000,600.000000,0.100204,0.100204,0.000000
36,34.996933,136.967872,1.000000,140.000000,600.000000,0.100204,0.100204,0.000000
15,34.990194,136.965682,1.000000,60.000000,600.000000,0.099808,0.099808,0.000000
14,34.996194,136.965682,1.000000,60.000000,600.000000,0.099808,0.099808,0.000000
13,34.993194,136.965682,1.000000,60.000000,600.000000,0.099808,0.099808,0.000000
12,34.991315,136.965640,1.000000,50.000000,600.000000,0.099758,0.099758,0.000000
11,34.994315,136.965640,1.000000,50.000000,600.000000,0.099758,0.099758,0.000000
10,34.991942,136.966953,1.000000,40.000000,600.000000,0.099709,0.099709,0.000000
9,34.994942,136.966953,1.000000,40.000000,600.000000,0.099709,0.099709,0.000000
8,34.991912,136.967521,1.000000,30.000000,600.000000,0.099659,0.099659,0.000000
7,34.997912,136.967521,1.000000,30.000000,600.000000,0.101353,0.101353,0.000000
6,34.994912,136.967521,1.000000,30.000000,600.000000,0.099659,0.099659,0.000000
1,34.997744,136.971769,1.000000,10.000000,600.000000,0.101254,0.101254,0.000000
0,34.994744,136.971769,1.000000,10.000000,600.000000,0.099560,0.099560,0.000000
2,34.991744,136.971769,1.000000,10.000000,600.000000,0.101254,0.101254,0.000000
3,34.997634,136.967603,1.000000,20.000000,600.000000,0.099610,0.099610,0.000000
4,35.000634,136.967603,1.000000,20.000000,600.000000,0.099610,0.099610,0.000000
5,34.994634,136.967603,1.000000,20.000000,600.000000,0.101303,0.101303,0.000000
16,34.991676,136.967828,1.000000,70.000000,600.000000,0.099857,0.099857,0.000000
17,34.994676,136.967828,1.000000,70.000000,600.000000,0.099857,0.099857,0.000000
18,34.988676,136.967828,1.000000,70.000000,600.000000,0.099858,0.099858,0.000000
19,34.991231,136.966164,1.000000,80.000000,600.000000,0.099907,0.099907,0.000000
20,34.994231,136.966164,1.000000,80.000000,600.000000,0.101600,0.101600,0.000000
21,34.988231,136.966164,1.000000,80.000000,600.000000,0.099907,0.099907,0.000000
22,34.992996,136.966654,1.000000,90.000000,600.000000,0.099956,0.099956,0.000000
23,34.995996,136.966654,1.000000,90.000000,600.000000,0.101650,0.101650,0.000000
24,34.989996,136.966654,1.000000,90.000000,600.000000,0.099956,0.099956,0.000000
25,34.993319,136.970236,1.000000,100.000000,600.000000,0.100006,0.100006,0.000000
26,34.996319,136.970236,1.000000,100.000000,600.000000,0.100006,0.100006,0.000000
27,34.990319,136.970236,1.000000,100.000000,600.000000,0.100006,0.100006,0.000000
28,34.990529,136.968657,1.000000,110.000000,600.000000,0.100055,0.100055,0.000000
29,34.987529,136.968657,1.000000,110.000000,600.000000,0.100055,0.100055,0.000000
30,34.995660,136.966875,1.000000,120.000000,600.000000,0.100105,0.100105,0.000000
31,34.998660,136.966875,1.000000,120.000000,600.000000,0.100105,0.100105,0.000000
32,34.992660,136.966875,1.000000,120.000000,600.000000,0.101798,0.101798,0.000000
33,34.997258,136.968301,1.000000,130.000000,600.000000,0.100154,0.100154,0.000000
34,35.000258,136.968301,1.000000,130.000000,600.000000,0.101848,0.101848,0.000000
35,34.994258,136.968301,1.000000,130.000000,600.000000,0.100154,0.100154,0.000000
